year,quarter,forecast,ci_lower,ci_upper
2027,Q1,1421545.228266513,-247180.3775994638,3090270.8341324897
2027,Q2,-209642.6167153893,-3479626.684979594,3060341.4515488152
2027,Q3,-1549741.6618319661,-5812211.108770868,2712727.785106936
2027,Q4,-1132213.1652260306,-6199123.319423338,3934696.9889712767
