{
  "chronos-t5-tiny": {
    "params": 8394496,
    "MAE": 172045.84375,
    "RMSE": 221353.5080439123,
    "MAPE": 11.157149614627853,
    "R\u00b2": 0.9208570810295262
  },
  "chronos-t5-small": {
    "params": 46154240,
    "MAE": 220725.77604166666,
    "RMSE": 272425.423326362,
    "MAPE": 13.886567327151042,
    "R\u00b2": 0.8801233730029681
  },
  "chronos-t5-base": {
    "params": 201374976,
    "MAE": 185395.19791666666,
    "RMSE": 214282.34636530143,
    "MAPE": 13.199169839080128,
    "R\u00b2": 0.9258327746368701
  }
}