month,actual_Y32,forecast_source,forecast,pct_error,abs_pct_error
2026-01,2210922,"SARIMAX(1,1,1)(1,1,1)12 refit-Dec2025",1769400,-19.97003964861718,19.97003964861718
2026-02,1970499,"SARIMAX(1,1,1)(1,1,1)12 refit-Dec2025",1851450,-6.041566121068826,6.041566121068826
2026-03,1877290,"SARIMAX(1,1,1)(1,1,1)12 refit-Dec2025",1647989,-12.214468728859153,12.214468728859153
2026-04,1828573,"SARIMAX(1,1,1)(1,1,1)12 refit-Dec2025",1540470,-15.755619272514688,15.755619272514688
2026-05,1606802,"SARIMAX(1,1,1)(1,1,1)12 refit-Dec2025",1499244,-6.693917483299125,6.693917483299125
