Model,MAE,RMSE,MAPE,R²
Random Forest,136102.77799999996,176101.06796067863,8.865398688054333,0.29989258298971067
Linear Regression,144453.67486179687,167909.34606895808,9.678862415607854,0.3635116782588048
Chronos-T5-small,170625.0,214069.0,10.77,-0.0345
XGBoost,274730.5,320580.5932990954,17.748078345537866,-1.3201451301574707
"SARIMAX(1,1,1)(1,1,1)_12",314479.47285118006,355003.2766672576,20.387027964385304,-1.845151666873369
CIR#,396833.4431722071,467792.5608586103,25.122658850412126,-3.940231736985483
