Model,MAE,RMSE,MAPE,R²
Linear Regression,133072.44158894973,158772.02828538822,9.161391909786705,0.43089986993837515
Random Forest,121491.12298611114,141631.19960325633,8.212428009090582,0.5471456265032655
XGBoost,112071.7109375,138597.36770949152,7.473524344871481,0.5663386583328247
CIR#,511410.27282818354,575996.2871058012,32.914490525529146,-6.489969807832846
"SARIMA(1,1,1)(1,1,1)_12",712583.4414272947,738892.5630633872,47.76830145701023,-11.32546435281935
Chronos-T5-small,170624.5625,214068.65580099603,10.770058457965893,-0.03453899011215955
