Model,MAE,RMSE,MAPE,R²
XGBoost,112071.7109375,138597.36770949152,7.473524344871481,0.5663386583328247
Random Forest,121605.21791666669,143031.8263782808,8.191469646617504,0.5381445555525808
Linear Regression,133072.44158894973,158772.02828538822,9.161391909786705,0.43089986993837515
Chronos-T5-small,170625.0,214069.0,10.77,-0.0345
SARIMAX (log),314479.07261915435,355002.86266360607,20.387001791208604,-1.8451450308642392
CIR#,612981.6915239363,701378.8026240898,35.87689709955717,-2.208336897980897
