Model,MAE,RMSE,MAPE,R²
Chronos-T5-small,170625.0,214069.0,10.77,-0.0345
Linear Regression,275525.5333864062,340495.13737208984,19.79450060932093,0.2438699090313956
Random Forest,290286.9365798611,334895.8285760971,19.802576340355728,0.2685339571842702
XGBoost,313159.0,369109.4233421845,19.883841865060138,0.11144369840621948
"SARIMAX(1,1,1)(1,1,1)_12",320314.8964133128,396549.06979956856,21.65570746267312,-0.025577688841045054
CIR#,489199.770276089,573449.2630907068,28.536904485257992,-1.1446908125113326
