Model,MAE,RMSE,MAPE,R2
Linear Regression,668001.1,826017.5404155168,14.957870899778674,-0.1060703757346857
Random Forest,763874.1,946695.3414969887,15.942558101248133,-0.45286312615256397
XGBoost,983132.3,1396362.5876149433,21.318538962268725,-2.160826298550674
SARIMA,620241.0,796101.2173388507,13.446927846282838,-0.02740292398458455
Chronos-T5-Base,760787.5,970697.5754512319,15.417342849427845,-0.5274679663850144
