{
  "learning_curve": [
    {
      "frac": 0.25,
      "n": 33,
      "MAE": 868002.3125,
      "MAPE": 58.0137912389438
    },
    {
      "frac": 0.5,
      "n": 66,
      "MAE": 275580.15625,
      "MAPE": 17.607137533672898
    },
    {
      "frac": 0.75,
      "n": 99,
      "MAE": 493313.96875,
      "MAPE": 34.14684979597891
    },
    {
      "frac": 1.0,
      "n": 132,
      "MAE": 284686.78125,
      "MAPE": 18.388451945486313
    }
  ],
  "fourier_effect": {
    "base": {
      "LR_MAPE": 9.72880565793746,
      "RF_MAPE": 8.040438427109319,
      "XGB_MAPE": 18.388451945486313,
      "n_features": 7
    },
    "+Fourier+Tet": {
      "LR_MAPE": 9.658046493189827,
      "RF_MAPE": 7.6928093849422865,
      "XGB_MAPE": 16.10040724469646,
      "n_features": 12
    }
  }
}